,0
0,http://www.prefeitura.sp.gov.br/cidade/secretarias/upload/transportes/SPTrans/2014/janeiro/passageiros/Passag-20140101.xls
1,http://www.prefeitura.sp.gov.br/cidade/secretarias/upload/transportes/SPTrans/2014/janeiro/passageiros/Passag-20140102.xls
2,http://www.prefeitura.sp.gov.br/cidade/secretarias/upload/transportes/SPTrans/2014/janeiro/passageiros/Passag-20140103.xls
3,http://www.prefeitura.sp.gov.br/cidade/secretarias/upload/transportes/SPTrans/2014/janeiro/passageiros/Passag-20140104.xls
4,http://www.prefeitura.sp.gov.br/cidade/secretarias/upload/transportes/SPTrans/2014/janeiro/passageiros/Passag-20140105.xls
5,http://www.prefeitura.sp.gov.br/cidade/secretarias/upload/transportes/SPTrans/2014/janeiro/passageiros/Passag-20140106.xls
6,http://www.prefeitura.sp.gov.br/cidade/secretarias/upload/transportes/SPTrans/2014/janeiro/passageiros/Passag-20140107.xls
7,http://www.prefeitura.sp.gov.br/cidade/secretarias/upload/transportes/SPTrans/2014/janeiro/passageiros/Passag-20140108.xls
8,http://www.prefeitura.sp.gov.br/cidade/secretarias/upload/transportes/SPTrans/2014/janeiro/passageiros/Passag-20140109.xls
9,http://www.prefeitura.sp.gov.br/cidade/secretarias/upload/transportes/SPTrans/2014/janeiro/passageiros/Passag-20140110.xls
10,http://www.prefeitura.sp.gov.br/cidade/secretarias/upload/transportes/SPTrans/2014/janeiro/passageiros/Passag-20140111.xls
11,http://www.prefeitura.sp.gov.br/cidade/secretarias/upload/transportes/SPTrans/2014/janeiro/passageiros/Passag-20140112.xls
12,http://www.prefeitura.sp.gov.br/cidade/secretarias/upload/transportes/SPTrans/2014/janeiro/passageiros/Passag-20140113.xls
13,http://www.prefeitura.sp.gov.br/cidade/secretarias/upload/transportes/SPTrans/2014/janeiro/passageiros/Passag-20140114.xls
14,http://www.prefeitura.sp.gov.br/cidade/secretarias/upload/transportes/SPTrans/2014/janeiro/passageiros/Passag-20140115.xls
15,http://www.prefeitura.sp.gov.br/cidade/secretarias/upload/transportes/SPTrans/2014/janeiro/passageiros/Passag-20140116.xls
16,http://www.prefeitura.sp.gov.br/cidade/secretarias/upload/transportes/SPTrans/2014/janeiro/passageiros/Passag-20140117.xls
17,http://www.prefeitura.sp.gov.br/cidade/secretarias/upload/transportes/SPTrans/2014/janeiro/passageiros/Passag-20140118.xls
18,http://www.prefeitura.sp.gov.br/cidade/secretarias/upload/transportes/SPTrans/2014/janeiro/passageiros/Passag-20140119.xls
19,http://www.prefeitura.sp.gov.br/cidade/secretarias/upload/transportes/SPTrans/2014/janeiro/passageiros/Passag-20140120.xls
20,http://www.prefeitura.sp.gov.br/cidade/secretarias/upload/transportes/SPTrans/2014/janeiro/passageiros/Passag-20140121.xls
21,http://www.prefeitura.sp.gov.br/cidade/secretarias/upload/transportes/SPTrans/2014/janeiro/passageiros/Passag-20140122.xls
22,http://www.prefeitura.sp.gov.br/cidade/secretarias/upload/transportes/SPTrans/2014/janeiro/passageiros/Passag-20140123.xls
23,http://www.prefeitura.sp.gov.br/cidade/secretarias/upload/transportes/SPTrans/2014/janeiro/passageiros/Passag-20140124.xls
24,http://www.prefeitura.sp.gov.br/cidade/secretarias/upload/transportes/SPTrans/2014/janeiro/passageiros/Passag-20140125.xls
25,http://www.prefeitura.sp.gov.br/cidade/secretarias/upload/transportes/SPTrans/2014/janeiro/passageiros/Passag-20140126.xls
26,http://www.prefeitura.sp.gov.br/cidade/secretarias/upload/transportes/SPTrans/2014/janeiro/passageiros/Passag-20140127.xls
27,http://www.prefeitura.sp.gov.br/cidade/secretarias/upload/transportes/SPTrans/2014/janeiro/passageiros/Passag-20140128.xls
28,http://www.prefeitura.sp.gov.br/cidade/secretarias/upload/transportes/SPTrans/2014/janeiro/passageiros/Passag-20140129.xls
29,http://www.prefeitura.sp.gov.br/cidade/secretarias/upload/transportes/SPTrans/2014/janeiro/passageiros/Passag-20140130.xls
30,http://www.prefeitura.sp.gov.br/cidade/secretarias/upload/transportes/SPTrans/2014/janeiro/passageiros/Passag-20140131.xls
31,http://www.prefeitura.sp.gov.br/cidade/secretarias/upload/transportes/SPTrans/2014/janeiro/passageiros/Pass_Transp_Jan14.xls
32,http://www.prefeitura.sp.gov.br/cidade/secretarias/upload/transportes/SPTrans/2014/fevereiro/passageiros/Passag-20140201.xls
33,http://www.prefeitura.sp.gov.br/cidade/secretarias/upload/transportes/SPTrans/2014/fevereiro/passageiros/Passag-20140202.xls
34,http://www.prefeitura.sp.gov.br/cidade/secretarias/upload/transportes/SPTrans/2014/fevereiro/passageiros/Passag-20140203.xls
35,http://www.prefeitura.sp.gov.br/cidade/secretarias/upload/transportes/SPTrans/2014/fevereiro/passageiros/Passag-20140204.xls
36,http://www.prefeitura.sp.gov.br/cidade/secretarias/upload/transportes/SPTrans/2014/fevereiro/passageiros/Passag-20140205.xls
37,http://www.prefeitura.sp.gov.br/cidade/secretarias/upload/transportes/SPTrans/2014/fevereiro/passageiros/Passag-20140206.xls
38,http://www.prefeitura.sp.gov.br/cidade/secretarias/upload/transportes/SPTrans/2014/fevereiro/passageiros/Passag-20140207.xls
39,http://www.prefeitura.sp.gov.br/cidade/secretarias/upload/transportes/SPTrans/2014/fevereiro/passageiros/Passag-20140208.xls
40,http://www.prefeitura.sp.gov.br/cidade/secretarias/upload/transportes/SPTrans/2014/fevereiro/passageiros/Passag-20140209.xls
41,http://www.prefeitura.sp.gov.br/cidade/secretarias/upload/transportes/SPTrans/2014/fevereiro/passageiros/Passag-20140210.xls
42,http://www.prefeitura.sp.gov.br/cidade/secretarias/upload/transportes/SPTrans/2014/fevereiro/passageiros/Passag-20140211.xls
43,http://www.prefeitura.sp.gov.br/cidade/secretarias/upload/transportes/SPTrans/2014/fevereiro/passageiros/Passag-20140212.xls
44,http://www.prefeitura.sp.gov.br/cidade/secretarias/upload/transportes/SPTrans/2014/fevereiro/passageiros/Passag-20140213.xls
45,http://www.prefeitura.sp.gov.br/cidade/secretarias/upload/transportes/SPTrans/2014/fevereiro/passageiros/Passag-20140214.xls
46,http://www.prefeitura.sp.gov.br/cidade/secretarias/upload/transportes/SPTrans/2014/fevereiro/passageiros/Passag-20140215.xls
47,http://www.prefeitura.sp.gov.br/cidade/secretarias/upload/transportes/SPTrans/2014/fevereiro/passageiros/Passag-20140216.xls
48,http://www.prefeitura.sp.gov.br/cidade/secretarias/upload/transportes/SPTrans/2014/fevereiro/passageiros/Passag-20140217.xls
49,http://www.prefeitura.sp.gov.br/cidade/secretarias/upload/transportes/SPTrans/2014/fevereiro/passageiros/Passag-20140218.xls
50,http://www.prefeitura.sp.gov.br/cidade/secretarias/upload/transportes/SPTrans/2014/fevereiro/passageiros/Passag-20140219.xls
51,http://www.prefeitura.sp.gov.br/cidade/secretarias/upload/transportes/SPTrans/2014/fevereiro/passageiros/Passag-20140220.xls
52,http://www.prefeitura.sp.gov.br/cidade/secretarias/upload/transportes/SPTrans/2014/fevereiro/passageiros/Passag-20140221.xls
53,http://www.prefeitura.sp.gov.br/cidade/secretarias/upload/transportes/SPTrans/2014/fevereiro/passageiros/Passag-20140222.xls
54,http://www.prefeitura.sp.gov.br/cidade/secretarias/upload/transportes/SPTrans/2014/fevereiro/passageiros/Passag-20140223.xls
55,http://www.prefeitura.sp.gov.br/cidade/secretarias/upload/transportes/SPTrans/2014/fevereiro/passageiros/Passag-20140224.xls
56,http://www.prefeitura.sp.gov.br/cidade/secretarias/upload/transportes/SPTrans/2014/fevereiro/passageiros/Passag-20140225.xls
57,http://www.prefeitura.sp.gov.br/cidade/secretarias/upload/transportes/SPTrans/2014/fevereiro/passageiros/Passag-20140226.xls
58,http://www.prefeitura.sp.gov.br/cidade/secretarias/upload/transportes/SPTrans/2014/fevereiro/passageiros/Passag-20140227.xls
59,http://www.prefeitura.sp.gov.br/cidade/secretarias/upload/transportes/SPTrans/2014/fevereiro/passageiros/Passag-20140228.xls
60,http://www.prefeitura.sp.gov.br/cidade/secretarias/upload/transportes/SPTrans/2014/fevereiro/passageiros/Pass_Transp_Fev14.xls
61,http://www.prefeitura.sp.gov.br/cidade/secretarias/upload/transportes/SPTrans/2014/marco/passageiros/Passag-20140301.xls
62,http://www.prefeitura.sp.gov.br/cidade/secretarias/upload/transportes/SPTrans/2014/marco/passageiros/Passag-20140302.xls
63,http://www.prefeitura.sp.gov.br/cidade/secretarias/upload/transportes/SPTrans/2014/marco/passageiros/Passag-20140303.xls
64,http://www.prefeitura.sp.gov.br/cidade/secretarias/upload/transportes/SPTrans/2014/marco/passageiros/Passag-20140304.xls
65,http://www.prefeitura.sp.gov.br/cidade/secretarias/upload/transportes/SPTrans/2014/marco/passageiros/Passag-20140305.xls
66,http://www.prefeitura.sp.gov.br/cidade/secretarias/upload/transportes/SPTrans/2014/marco/passageiros/Passag-20140306.xls
67,http://www.prefeitura.sp.gov.br/cidade/secretarias/upload/transportes/SPTrans/2014/marco/passageiros/Passag-20140307.xls
68,http://www.prefeitura.sp.gov.br/cidade/secretarias/upload/transportes/SPTrans/2014/marco/passageiros/Passag-20140308.xls
69,http://www.prefeitura.sp.gov.br/cidade/secretarias/upload/transportes/SPTrans/2014/marco/passageiros/Passag-20140309.xls
70,http://www.prefeitura.sp.gov.br/cidade/secretarias/upload/transportes/SPTrans/2014/marco/passageiros/Passag-20140310.xls
71,http://www.prefeitura.sp.gov.br/cidade/secretarias/upload/transportes/SPTrans/2014/marco/passageiros/Passag-20140311.xls
72,http://www.prefeitura.sp.gov.br/cidade/secretarias/upload/transportes/SPTrans/2014/marco/passageiros/Passag-20140312.xls
73,http://www.prefeitura.sp.gov.br/cidade/secretarias/upload/transportes/SPTrans/2014/marco/passageiros/Passag-20140313.xls
74,http://www.prefeitura.sp.gov.br/cidade/secretarias/upload/transportes/SPTrans/2014/marco/passageiros/Passag-20140314.xls
75,http://www.prefeitura.sp.gov.br/cidade/secretarias/upload/transportes/SPTrans/2014/marco/passageiros/Passag-20140315.xls
76,http://www.prefeitura.sp.gov.br/cidade/secretarias/upload/transportes/SPTrans/2014/marco/passageiros/Passag-20140316.xls
77,http://www.prefeitura.sp.gov.br/cidade/secretarias/upload/transportes/SPTrans/2014/marco/passageiros/Passag-20140317.xls
78,http://www.prefeitura.sp.gov.br/cidade/secretarias/upload/transportes/SPTrans/2014/marco/passageiros/Passag-20140318.xls
79,http://www.prefeitura.sp.gov.br/cidade/secretarias/upload/transportes/SPTrans/2014/marco/passageiros/Passag-20140319.xls
80,http://www.prefeitura.sp.gov.br/cidade/secretarias/upload/transportes/SPTrans/2014/marco/passageiros/Passag-20140320.xls
81,http://www.prefeitura.sp.gov.br/cidade/secretarias/upload/transportes/SPTrans/2014/marco/passageiros/Passag-20140321.xls
82,http://www.prefeitura.sp.gov.br/cidade/secretarias/upload/transportes/SPTrans/2014/marco/passageiros/Passag-20140322.xls
83,http://www.prefeitura.sp.gov.br/cidade/secretarias/upload/transportes/SPTrans/2014/marco/passageiros/Passag-20140323.xls
84,http://www.prefeitura.sp.gov.br/cidade/secretarias/upload/transportes/SPTrans/2014/marco/passageiros/Passag-20140324.xls
85,http://www.prefeitura.sp.gov.br/cidade/secretarias/upload/transportes/SPTrans/2014/marco/passageiros/Passag-20140325.xls
86,http://www.prefeitura.sp.gov.br/cidade/secretarias/upload/transportes/SPTrans/2014/marco/passageiros/Passag-20140326.xls
87,http://www.prefeitura.sp.gov.br/cidade/secretarias/upload/transportes/SPTrans/2014/marco/passageiros/Passag-20140327.xls
88,http://www.prefeitura.sp.gov.br/cidade/secretarias/upload/transportes/SPTrans/2014/marco/passageiros/Passag-20140328.xls
89,http://www.prefeitura.sp.gov.br/cidade/secretarias/upload/transportes/SPTrans/2014/marco/passageiros/Passag-20140329.xls
90,http://www.prefeitura.sp.gov.br/cidade/secretarias/upload/transportes/SPTrans/2014/marco/passageiros/Passag-20140330.xls
91,http://www.prefeitura.sp.gov.br/cidade/secretarias/upload/transportes/SPTrans/2014/marco/passageiros/Passag-20140331.xls
92,http://www.prefeitura.sp.gov.br/cidade/secretarias/upload/transportes/SPTrans/2014/marco/passageiros/Pass_Transp_Mar14.xls
93,http://www.prefeitura.sp.gov.br/cidade/secretarias/upload/transportes/SPTrans/2014/abril/passageiros/Passag-20140401.xls
94,http://www.prefeitura.sp.gov.br/cidade/secretarias/upload/transportes/SPTrans/2014/abril/passageiros/Passag-20140402.xls
95,http://www.prefeitura.sp.gov.br/cidade/secretarias/upload/transportes/SPTrans/2014/abril/passageiros/Passag-20140403.xls
96,http://www.prefeitura.sp.gov.br/cidade/secretarias/upload/transportes/SPTrans/2014/abril/passageiros/Passag-20140404.xls
97,http://www.prefeitura.sp.gov.br/cidade/secretarias/upload/transportes/SPTrans/2014/abril/passageiros/Passag-20140405.xls
98,http://www.prefeitura.sp.gov.br/cidade/secretarias/upload/transportes/SPTrans/2014/abril/passageiros/Passag-20140406.xls
99,http://www.prefeitura.sp.gov.br/cidade/secretarias/upload/transportes/SPTrans/2014/abril/passageiros/Passag-20140407.xls
100,http://www.prefeitura.sp.gov.br/cidade/secretarias/upload/transportes/SPTrans/2014/abril/passageiros/Passag-20140408.xls
101,http://www.prefeitura.sp.gov.br/cidade/secretarias/upload/transportes/SPTrans/2014/abril/passageiros/Passag-20140409.xls
102,http://www.prefeitura.sp.gov.br/cidade/secretarias/upload/transportes/SPTrans/2014/abril/passageiros/Passag-20140410.xls
103,http://www.prefeitura.sp.gov.br/cidade/secretarias/upload/transportes/SPTrans/2014/abril/passageiros/Passag-20140411.xls
104,http://www.prefeitura.sp.gov.br/cidade/secretarias/upload/transportes/SPTrans/2014/abril/passageiros/Passag-20140412.xls
105,http://www.prefeitura.sp.gov.br/cidade/secretarias/upload/transportes/SPTrans/2014/abril/passageiros/Passag-20140413.xls
106,http://www.prefeitura.sp.gov.br/cidade/secretarias/upload/transportes/SPTrans/2014/abril/passageiros/Passag-20140414.xls
107,http://www.prefeitura.sp.gov.br/cidade/secretarias/upload/transportes/SPTrans/2014/abril/passageiros/Passag-20140415.xls
108,http://www.prefeitura.sp.gov.br/cidade/secretarias/upload/transportes/SPTrans/2014/abril/passageiros/Passag-20140416.xls
109,http://www.prefeitura.sp.gov.br/cidade/secretarias/upload/transportes/SPTrans/2014/abril/passageiros/Passag-20140417.xls
110,http://www.prefeitura.sp.gov.br/cidade/secretarias/upload/transportes/SPTrans/2014/abril/passageiros/Passag-20140418.xls
111,http://www.prefeitura.sp.gov.br/cidade/secretarias/upload/transportes/SPTrans/2014/abril/passageiros/Passag-20140419.xls
112,http://www.prefeitura.sp.gov.br/cidade/secretarias/upload/transportes/SPTrans/2014/abril/passageiros/Passag-20140420.xls
113,http://www.prefeitura.sp.gov.br/cidade/secretarias/upload/transportes/SPTrans/2014/abril/passageiros/Passag-20140421.xls
114,http://www.prefeitura.sp.gov.br/cidade/secretarias/upload/transportes/SPTrans/2014/abril/passageiros/Passag-20140422.xls
115,http://www.prefeitura.sp.gov.br/cidade/secretarias/upload/transportes/SPTrans/2014/abril/passageiros/Passag-20140423.xls
116,http://www.prefeitura.sp.gov.br/cidade/secretarias/upload/transportes/SPTrans/2014/abril/passageiros/Passag-20140424.xls
117,http://www.prefeitura.sp.gov.br/cidade/secretarias/upload/transportes/SPTrans/2014/abril/passageiros/Passag-20140425.xls
118,http://www.prefeitura.sp.gov.br/cidade/secretarias/upload/transportes/SPTrans/2014/abril/passageiros/Passag-20140426.xls
119,http://www.prefeitura.sp.gov.br/cidade/secretarias/upload/transportes/SPTrans/2014/abril/passageiros/Passag-20140427.xls
120,http://www.prefeitura.sp.gov.br/cidade/secretarias/upload/transportes/SPTrans/2014/abril/passageiros/Passag-20140428.xls
121,http://www.prefeitura.sp.gov.br/cidade/secretarias/upload/transportes/SPTrans/2014/abril/passageiros/Passag-20140429.xls
122,http://www.prefeitura.sp.gov.br/cidade/secretarias/upload/transportes/SPTrans/2014/abril/passageiros/Passag-20140430.xls
123,http://www.prefeitura.sp.gov.br/cidade/secretarias/upload/transportes/SPTrans/2014/abril/passageiros/Pass_Transp_Abr14.xlsx
124,http://www.prefeitura.sp.gov.br/cidade/secretarias/upload/transportes/SPTrans/2014/maio/passageiros/Passag-20140501.xls
125,http://www.prefeitura.sp.gov.br/cidade/secretarias/upload/transportes/SPTrans/2014/maio/passageiros/Passag-20140502.xls
126,http://www.prefeitura.sp.gov.br/cidade/secretarias/upload/transportes/SPTrans/2014/maio/passageiros/Passag-20140503.xls
127,http://www.prefeitura.sp.gov.br/cidade/secretarias/upload/transportes/SPTrans/2014/maio/passageiros/Passag-20140504.xls
128,http://www.prefeitura.sp.gov.br/cidade/secretarias/upload/transportes/SPTrans/2014/maio/passageiros/Passag-20140505.xls
129,http://www.prefeitura.sp.gov.br/cidade/secretarias/upload/transportes/SPTrans/2014/maio/passageiros/Passag-20140506.xls
130,http://www.prefeitura.sp.gov.br/cidade/secretarias/upload/transportes/SPTrans/2014/maio/passageiros/Passag-20140507.xls
131,http://www.prefeitura.sp.gov.br/cidade/secretarias/upload/transportes/SPTrans/2014/maio/passageiros/Passag-20140508.xls
132,http://www.prefeitura.sp.gov.br/cidade/secretarias/upload/transportes/SPTrans/2014/maio/passageiros/Passag-20140509.xls
133,http://www.prefeitura.sp.gov.br/cidade/secretarias/upload/transportes/SPTrans/2014/maio/passageiros/Passag-20140510.xls
134,http://www.prefeitura.sp.gov.br/cidade/secretarias/upload/transportes/SPTrans/2014/maio/passageiros/Passag-20140511.xls
135,http://www.prefeitura.sp.gov.br/cidade/secretarias/upload/transportes/SPTrans/2014/maio/passageiros/Passag-20140512.xls
136,http://www.prefeitura.sp.gov.br/cidade/secretarias/upload/transportes/SPTrans/2014/maio/passageiros/Passag-20140513.xls
137,http://www.prefeitura.sp.gov.br/cidade/secretarias/upload/transportes/SPTrans/2014/maio/passageiros/Passag-20140514.xls
138,http://www.prefeitura.sp.gov.br/cidade/secretarias/upload/transportes/SPTrans/2014/maio/passageiros/Passag-20140515.xls
139,http://www.prefeitura.sp.gov.br/cidade/secretarias/upload/transportes/SPTrans/2014/maio/passageiros/Passag-20140516.xls
140,http://www.prefeitura.sp.gov.br/cidade/secretarias/upload/transportes/SPTrans/2014/maio/passageiros/Passag-20140517.xls
141,http://www.prefeitura.sp.gov.br/cidade/secretarias/upload/transportes/SPTrans/2014/maio/passageiros/Passag-20140518.xls
142,http://www.prefeitura.sp.gov.br/cidade/secretarias/upload/transportes/SPTrans/2014/maio/passageiros/Passag-20140519.xls
143,http://www.prefeitura.sp.gov.br/cidade/secretarias/upload/transportes/SPTrans/2014/maio/passageiros/Passag-20140520.xls
144,http://www.prefeitura.sp.gov.br/cidade/secretarias/upload/transportes/SPTrans/2014/maio/passageiros/Passag-20140521.xls
145,http://www.prefeitura.sp.gov.br/cidade/secretarias/upload/transportes/SPTrans/2014/maio/passageiros/Passag-20140522.xls
146,http://www.prefeitura.sp.gov.br/cidade/secretarias/upload/transportes/SPTrans/2014/maio/passageiros/Passag-20140523.xls
147,http://www.prefeitura.sp.gov.br/cidade/secretarias/upload/transportes/SPTrans/2014/maio/passageiros/Passag-20140524.xls
148,http://www.prefeitura.sp.gov.br/cidade/secretarias/upload/transportes/SPTrans/2014/maio/passageiros/Passag-20140525.xls
149,http://www.prefeitura.sp.gov.br/cidade/secretarias/upload/transportes/SPTrans/2014/maio/passageiros/Passag-20140526.xls
150,http://www.prefeitura.sp.gov.br/cidade/secretarias/upload/transportes/SPTrans/2014/maio/passageiros/Passag-20140527.xls
151,http://www.prefeitura.sp.gov.br/cidade/secretarias/upload/transportes/SPTrans/2014/maio/passageiros/Passag-20140528.xls
152,http://www.prefeitura.sp.gov.br/cidade/secretarias/upload/transportes/SPTrans/2014/maio/passageiros/Passag-20140529.xls
153,http://www.prefeitura.sp.gov.br/cidade/secretarias/upload/transportes/SPTrans/2014/maio/passageiros/Passag-20140530.xls
154,http://www.prefeitura.sp.gov.br/cidade/secretarias/upload/transportes/SPTrans/2014/maio/passageiros/Passag-20140531.xls
155,http://www.prefeitura.sp.gov.br/cidade/secretarias/upload/transportes/SPTrans/2014/maio/passageiros/Pass_Transp_Mai14.xls
156,http://www.prefeitura.sp.gov.br/cidade/secretarias/upload/transportes/SPTrans/2014/junho/passageiros/Passag-20140601.xls
157,http://www.prefeitura.sp.gov.br/cidade/secretarias/upload/transportes/SPTrans/2014/junho/passageiros/Passag-20140602.xls
158,http://www.prefeitura.sp.gov.br/cidade/secretarias/upload/transportes/SPTrans/2014/junho/passageiros/Passag-20140603.xls
159,http://www.prefeitura.sp.gov.br/cidade/secretarias/upload/transportes/SPTrans/2014/junho/passageiros/Passag-20140604.xls
160,http://www.prefeitura.sp.gov.br/cidade/secretarias/upload/transportes/SPTrans/2014/junho/passageiros/Passag-20140605.xls
161,http://www.prefeitura.sp.gov.br/cidade/secretarias/upload/transportes/SPTrans/2014/junho/passageiros/Passag-20140606.xls
162,http://www.prefeitura.sp.gov.br/cidade/secretarias/upload/transportes/SPTrans/2014/junho/passageiros/Passag-20140607.xls
163,http://www.prefeitura.sp.gov.br/cidade/secretarias/upload/transportes/SPTrans/2014/junho/passageiros/Passag-20140608.xls
164,http://www.prefeitura.sp.gov.br/cidade/secretarias/upload/transportes/SPTrans/2014/junho/passageiros/Passag-20140609.xls
165,http://www.prefeitura.sp.gov.br/cidade/secretarias/upload/transportes/SPTrans/2014/junho/passageiros/Passag-20140610.xls
166,http://www.prefeitura.sp.gov.br/cidade/secretarias/upload/transportes/SPTrans/2014/junho/passageiros/Passag-20140611.xls
167,http://www.prefeitura.sp.gov.br/cidade/secretarias/upload/transportes/SPTrans/2014/junho/passageiros/Passag-20140612.xls
168,http://www.prefeitura.sp.gov.br/cidade/secretarias/upload/transportes/SPTrans/2014/junho/passageiros/Passag-20140613.xls
169,http://www.prefeitura.sp.gov.br/cidade/secretarias/upload/transportes/SPTrans/2014/junho/passageiros/Passag-20140614.xls
170,http://www.prefeitura.sp.gov.br/cidade/secretarias/upload/transportes/SPTrans/2014/junho/passageiros/Passag-20140615.xls
171,http://www.prefeitura.sp.gov.br/cidade/secretarias/upload/transportes/SPTrans/2014/junho/passageiros/Passag-20140616.xls
172,http://www.prefeitura.sp.gov.br/cidade/secretarias/upload/transportes/SPTrans/2014/junho/passageiros/Passag-20140617.xls
173,http://www.prefeitura.sp.gov.br/cidade/secretarias/upload/transportes/SPTrans/2014/junho/passageiros/Passag-20140618.xls
174,http://www.prefeitura.sp.gov.br/cidade/secretarias/upload/transportes/SPTrans/2014/junho/passageiros/Passag-20140619.xls
175,http://www.prefeitura.sp.gov.br/cidade/secretarias/upload/transportes/SPTrans/2014/junho/passageiros/Passag-20140620.xls
176,http://www.prefeitura.sp.gov.br/cidade/secretarias/upload/transportes/SPTrans/2014/junho/passageiros/Passag-20140621.xls
177,http://www.prefeitura.sp.gov.br/cidade/secretarias/upload/transportes/SPTrans/2014/junho/passageiros/Passag-20140622.xls
178,http://www.prefeitura.sp.gov.br/cidade/secretarias/upload/transportes/SPTrans/2014/junho/passageiros/Passag-20140623.xls
179,http://www.prefeitura.sp.gov.br/cidade/secretarias/upload/transportes/SPTrans/2014/junho/passageiros/Passag-20140624.xls
180,http://www.prefeitura.sp.gov.br/cidade/secretarias/upload/transportes/SPTrans/2014/junho/passageiros/Passag-20140625.xls
181,http://www.prefeitura.sp.gov.br/cidade/secretarias/upload/transportes/SPTrans/2014/junho/passageiros/Passag-20140626.xls
182,http://www.prefeitura.sp.gov.br/cidade/secretarias/upload/transportes/SPTrans/2014/junho/passageiros/Passag-20140627.xls
183,http://www.prefeitura.sp.gov.br/cidade/secretarias/upload/transportes/SPTrans/2014/junho/passageiros/Passag-20140628.xls
184,http://www.prefeitura.sp.gov.br/cidade/secretarias/upload/transportes/SPTrans/2014/junho/passageiros/Passag-20140629.xls
185,http://www.prefeitura.sp.gov.br/cidade/secretarias/upload/transportes/SPTrans/2014/junho/passageiros/Passag-20140630.xls
186,http://www.prefeitura.sp.gov.br/cidade/secretarias/upload/transportes/SPTrans/2014/junho/passageiros/Pass_Transp_Jun14.xls
187,http://www.prefeitura.sp.gov.br/cidade/secretarias/upload/transportes/SPTrans/2014/julho/passageiros/Passag-20140701.xls
188,http://www.prefeitura.sp.gov.br/cidade/secretarias/upload/transportes/SPTrans/2014/julho/passageiros/Passag-20140702.xls
189,http://www.prefeitura.sp.gov.br/cidade/secretarias/upload/transportes/SPTrans/2014/julho/passageiros/Passag-20140703.xls
190,http://www.prefeitura.sp.gov.br/cidade/secretarias/upload/transportes/SPTrans/2014/julho/passageiros/Passag-20140704.xls
191,http://www.prefeitura.sp.gov.br/cidade/secretarias/upload/transportes/SPTrans/2014/julho/passageiros/Passag-20140705.xls
192,http://www.prefeitura.sp.gov.br/cidade/secretarias/upload/transportes/SPTrans/2014/julho/passageiros/Passag-20140706.xls
193,http://www.prefeitura.sp.gov.br/cidade/secretarias/upload/transportes/SPTrans/2014/julho/passageiros/Passag-20140707.xls
194,http://www.prefeitura.sp.gov.br/cidade/secretarias/upload/transportes/SPTrans/2014/julho/passageiros/Passag-20140708.xls
195,http://www.prefeitura.sp.gov.br/cidade/secretarias/upload/transportes/SPTrans/2014/julho/passageiros/Passag-20140709.xls
196,http://www.prefeitura.sp.gov.br/cidade/secretarias/upload/transportes/SPTrans/2014/julho/passageiros/Passag-20140710.xls
197,http://www.prefeitura.sp.gov.br/cidade/secretarias/upload/transportes/SPTrans/2014/julho/passageiros/Passag-20140711.xls
198,http://www.prefeitura.sp.gov.br/cidade/secretarias/upload/transportes/SPTrans/2014/julho/passageiros/Passag-20140712.xls
199,http://www.prefeitura.sp.gov.br/cidade/secretarias/upload/transportes/SPTrans/2014/julho/passageiros/Passag-20140713.xls
200,http://www.prefeitura.sp.gov.br/cidade/secretarias/upload/transportes/SPTrans/2014/julho/passageiros/Passag-20140714.xls
201,http://www.prefeitura.sp.gov.br/cidade/secretarias/upload/transportes/SPTrans/2014/julho/passageiros/Passag-20140715.xls
202,http://www.prefeitura.sp.gov.br/cidade/secretarias/upload/transportes/SPTrans/2014/julho/passageiros/Passag-20140716.xls
203,http://www.prefeitura.sp.gov.br/cidade/secretarias/upload/transportes/SPTrans/2014/julho/passageiros/Passag-20140717.xls
204,http://www.prefeitura.sp.gov.br/cidade/secretarias/upload/transportes/SPTrans/2014/julho/passageiros/Passag-20140718.xls
205,http://www.prefeitura.sp.gov.br/cidade/secretarias/upload/transportes/SPTrans/2014/julho/passageiros/Passag-20140719.xls
206,http://www.prefeitura.sp.gov.br/cidade/secretarias/upload/transportes/SPTrans/2014/julho/passageiros/Passag-20140720.xls
207,http://www.prefeitura.sp.gov.br/cidade/secretarias/upload/transportes/SPTrans/2014/julho/passageiros/Passag-20140721.xls
208,http://www.prefeitura.sp.gov.br/cidade/secretarias/upload/transportes/SPTrans/2014/julho/passageiros/Passag-20140722.xls
209,http://www.prefeitura.sp.gov.br/cidade/secretarias/upload/transportes/SPTrans/2014/julho/passageiros/Passag-20140723.xls
210,http://www.prefeitura.sp.gov.br/cidade/secretarias/upload/transportes/SPTrans/2014/julho/passageiros/Passag-20140724.xls
211,http://www.prefeitura.sp.gov.br/cidade/secretarias/upload/transportes/SPTrans/2014/julho/passageiros/Passag-20140725.xls
212,http://www.prefeitura.sp.gov.br/cidade/secretarias/upload/transportes/SPTrans/2014/julho/passageiros/Passag-20140726.xls
213,http://www.prefeitura.sp.gov.br/cidade/secretarias/upload/transportes/SPTrans/2014/julho/passageiros/Passag-20140727.xls
214,http://www.prefeitura.sp.gov.br/cidade/secretarias/upload/transportes/SPTrans/2014/julho/passageiros/Passag-20140728.xls
215,http://www.prefeitura.sp.gov.br/cidade/secretarias/upload/transportes/SPTrans/2014/julho/passageiros/Passag-20140729.xls
216,http://www.prefeitura.sp.gov.br/cidade/secretarias/upload/transportes/SPTrans/2014/julho/passageiros/Passag-20140730.xls
217,http://www.prefeitura.sp.gov.br/cidade/secretarias/upload/transportes/SPTrans/2014/julho/passageiros/Passag-20140731.xls
218,http://www.prefeitura.sp.gov.br/cidade/secretarias/upload/transportes/SPTrans/2014/julho/passageiros/Pass_Transp_Jul14.xls
219,http://www.prefeitura.sp.gov.br/cidade/secretarias/upload/transportes/SPTrans/2014/agosto/passageiros/Passag-20140801.xls
220,http://www.prefeitura.sp.gov.br/cidade/secretarias/upload/transportes/SPTrans/2014/agosto/passageiros/Passag-20140802.xls
221,http://www.prefeitura.sp.gov.br/cidade/secretarias/upload/transportes/SPTrans/2014/agosto/passageiros/Passag-20140803.xls
222,http://www.prefeitura.sp.gov.br/cidade/secretarias/upload/transportes/SPTrans/2014/agosto/passageiros/Passag-20140804.xls
223,http://www.prefeitura.sp.gov.br/cidade/secretarias/upload/transportes/SPTrans/2014/agosto/passageiros/Passag-20140805.xls
224,http://www.prefeitura.sp.gov.br/cidade/secretarias/upload/transportes/SPTrans/2014/agosto/passageiros/Passag-20140806.xls
225,http://www.prefeitura.sp.gov.br/cidade/secretarias/upload/transportes/SPTrans/2014/agosto/passageiros/Passag-20140807.xls
226,http://www.prefeitura.sp.gov.br/cidade/secretarias/upload/transportes/SPTrans/2014/agosto/passageiros/Passag-20140808.xls
227,http://www.prefeitura.sp.gov.br/cidade/secretarias/upload/transportes/SPTrans/2014/agosto/passageiros/Passag-20140809.xls
228,http://www.prefeitura.sp.gov.br/cidade/secretarias/upload/transportes/SPTrans/2014/agosto/passageiros/Passag-20140810.xls
229,http://www.prefeitura.sp.gov.br/cidade/secretarias/upload/transportes/SPTrans/2014/agosto/passageiros/Passag-20140811.xls
230,http://www.prefeitura.sp.gov.br/cidade/secretarias/upload/transportes/SPTrans/2014/agosto/passageiros/Passag-20140812.xls
231,http://www.prefeitura.sp.gov.br/cidade/secretarias/upload/transportes/SPTrans/2014/agosto/passageiros/Passag-20140813.xls
232,http://www.prefeitura.sp.gov.br/cidade/secretarias/upload/transportes/SPTrans/2014/agosto/passageiros/Passag-20140814.xls
233,http://www.prefeitura.sp.gov.br/cidade/secretarias/upload/transportes/SPTrans/2014/agosto/passageiros/Passag-20140815.xls
234,http://www.prefeitura.sp.gov.br/cidade/secretarias/upload/transportes/SPTrans/2014/agosto/passageiros/Passag-20140816.xls
235,http://www.prefeitura.sp.gov.br/cidade/secretarias/upload/transportes/SPTrans/2014/agosto/passageiros/Passag-20140817.xls
236,http://www.prefeitura.sp.gov.br/cidade/secretarias/upload/transportes/SPTrans/2014/agosto/passageiros/Passag-20140818.xls
237,http://www.prefeitura.sp.gov.br/cidade/secretarias/upload/transportes/SPTrans/2014/agosto/passageiros/Passag-20140819.xls
238,http://www.prefeitura.sp.gov.br/cidade/secretarias/upload/transportes/SPTrans/2014/agosto/passageiros/Passag-20140820.xls
239,http://www.prefeitura.sp.gov.br/cidade/secretarias/upload/transportes/SPTrans/2014/agosto/passageiros/Passag-20140821.xls
240,http://www.prefeitura.sp.gov.br/cidade/secretarias/upload/transportes/SPTrans/2014/agosto/passageiros/Passag-20140822.xls
241,http://www.prefeitura.sp.gov.br/cidade/secretarias/upload/transportes/SPTrans/2014/agosto/passageiros/Passag-20140823.xls
242,http://www.prefeitura.sp.gov.br/cidade/secretarias/upload/transportes/SPTrans/2014/agosto/passageiros/Passag-20140824.xls
243,http://www.prefeitura.sp.gov.br/cidade/secretarias/upload/transportes/SPTrans/2014/agosto/passageiros/Passag-20140825.xls
244,http://www.prefeitura.sp.gov.br/cidade/secretarias/upload/transportes/SPTrans/2014/agosto/passageiros/Passag-20140826.xls
245,http://www.prefeitura.sp.gov.br/cidade/secretarias/upload/transportes/SPTrans/2014/agosto/passageiros/Passag-20140827.xls
246,http://www.prefeitura.sp.gov.br/cidade/secretarias/upload/transportes/SPTrans/2014/agosto/passageiros/Passag-20140828.xls
247,http://www.prefeitura.sp.gov.br/cidade/secretarias/upload/transportes/SPTrans/2014/agosto/passageiros/Passag-20140829.xls
248,http://www.prefeitura.sp.gov.br/cidade/secretarias/upload/transportes/SPTrans/2014/agosto/passageiros/Passag-20140830.xls
249,http://www.prefeitura.sp.gov.br/cidade/secretarias/upload/transportes/SPTrans/2014/agosto/passageiros/Passag-20140831.xls
250,http://www.prefeitura.sp.gov.br/cidade/secretarias/upload/transportes/SPTrans/2014/agosto/passageiros/Pass_Transp_Ago14.xls
251,http://www.prefeitura.sp.gov.br/cidade/secretarias/upload/transportes/SPTrans/2014/setembro/passageiros/Passag-20140901.xls
252,http://www.prefeitura.sp.gov.br/cidade/secretarias/upload/transportes/SPTrans/2014/setembro/passageiros/Passag-20140902.xls
253,http://www.prefeitura.sp.gov.br/cidade/secretarias/upload/transportes/SPTrans/2014/setembro/passageiros/Passag-20140903.xls
254,http://www.prefeitura.sp.gov.br/cidade/secretarias/upload/transportes/SPTrans/2014/setembro/passageiros/Passag-20140904.xls
255,http://www.prefeitura.sp.gov.br/cidade/secretarias/upload/transportes/SPTrans/2014/setembro/passageiros/Passag-20140905.xls
256,http://www.prefeitura.sp.gov.br/cidade/secretarias/upload/transportes/SPTrans/2014/setembro/passageiros/Passag-20140906.xls
257,http://www.prefeitura.sp.gov.br/cidade/secretarias/upload/transportes/SPTrans/2014/setembro/passageiros/Passag-20140907.xls
258,http://www.prefeitura.sp.gov.br/cidade/secretarias/upload/transportes/SPTrans/2014/setembro/passageiros/Passag-20140908.xls
259,http://www.prefeitura.sp.gov.br/cidade/secretarias/upload/transportes/SPTrans/2014/setembro/passageiros/Passag-20140909.xls
260,http://www.prefeitura.sp.gov.br/cidade/secretarias/upload/transportes/SPTrans/2014/setembro/passageiros/Passag-20140910.xls
261,http://www.prefeitura.sp.gov.br/cidade/secretarias/upload/transportes/SPTrans/2014/setembro/passageiros/Passag-20140911.xls
262,http://www.prefeitura.sp.gov.br/cidade/secretarias/upload/transportes/SPTrans/2014/setembro/passageiros/Passag-20140912.xls
263,http://www.prefeitura.sp.gov.br/cidade/secretarias/upload/transportes/SPTrans/2014/setembro/passageiros/Passag-20140913.xls
264,http://www.prefeitura.sp.gov.br/cidade/secretarias/upload/transportes/SPTrans/2014/setembro/passageiros/Passag-20140914.xls
265,http://www.prefeitura.sp.gov.br/cidade/secretarias/upload/transportes/SPTrans/2014/setembro/passageiros/Passag-20140915.xls
266,http://www.prefeitura.sp.gov.br/cidade/secretarias/upload/transportes/SPTrans/2014/setembro/passageiros/Passag-20140916.xls
267,http://www.prefeitura.sp.gov.br/cidade/secretarias/upload/transportes/SPTrans/2014/setembro/passageiros/Passag-20140917.xls
268,http://www.prefeitura.sp.gov.br/cidade/secretarias/upload/transportes/SPTrans/2014/setembro/passageiros/Passag-20140918.xls
269,http://www.prefeitura.sp.gov.br/cidade/secretarias/upload/transportes/SPTrans/2014/setembro/passageiros/Passag-20140919.xls
270,http://www.prefeitura.sp.gov.br/cidade/secretarias/upload/transportes/SPTrans/2014/setembro/passageiros/Passag-20140920.xls
271,http://www.prefeitura.sp.gov.br/cidade/secretarias/upload/transportes/SPTrans/2014/setembro/passageiros/Passag-20140921.xls
272,http://www.prefeitura.sp.gov.br/cidade/secretarias/upload/transportes/SPTrans/2014/setembro/passageiros/Passag-20140922.xls
273,http://www.prefeitura.sp.gov.br/cidade/secretarias/upload/transportes/SPTrans/2014/setembro/passageiros/Passag-20140923.xls
274,http://www.prefeitura.sp.gov.br/cidade/secretarias/upload/transportes/SPTrans/2014/setembro/passageiros/Passag-20140924.xls
275,http://www.prefeitura.sp.gov.br/cidade/secretarias/upload/transportes/SPTrans/2014/setembro/passageiros/Passag-20140925.xls
276,http://www.prefeitura.sp.gov.br/cidade/secretarias/upload/transportes/SPTrans/2014/setembro/passageiros/Passag-20140926.xls
277,http://www.prefeitura.sp.gov.br/cidade/secretarias/upload/transportes/SPTrans/2014/setembro/passageiros/Passag-20140927.xls
278,http://www.prefeitura.sp.gov.br/cidade/secretarias/upload/transportes/SPTrans/2014/setembro/passageiros/Passag-20140928.xls
279,http://www.prefeitura.sp.gov.br/cidade/secretarias/upload/transportes/SPTrans/2014/setembro/passageiros/Passag-20140929.xls
280,http://www.prefeitura.sp.gov.br/cidade/secretarias/upload/transportes/SPTrans/2014/setembro/passageiros/Passag-20140930.xls
281,http://www.prefeitura.sp.gov.br/cidade/secretarias/upload/transportes/SPTrans/2014/setembro/passageiros/Pass_Transp_Set14.xls
282,http://www.prefeitura.sp.gov.br/cidade/secretarias/upload/transportes/SPTrans/acesso_a_informacao/2014/outubro/passageiros/Passag-20141001.xls
283,http://www.prefeitura.sp.gov.br/cidade/secretarias/upload/transportes/SPTrans/acesso_a_informacao/2014/outubro/passageiros/Passag-20141002.xls
284,http://www.prefeitura.sp.gov.br/cidade/secretarias/upload/transportes/SPTrans/acesso_a_informacao/2014/outubro/passageiros/Passag-20141003.xls
285,http://www.prefeitura.sp.gov.br/cidade/secretarias/upload/transportes/SPTrans/acesso_a_informacao/2014/outubro/passageiros/Passag-20141004.xls
286,http://www.prefeitura.sp.gov.br/cidade/secretarias/upload/transportes/SPTrans/acesso_a_informacao/2014/outubro/passageiros/Passag-20141005.xls
287,http://www.prefeitura.sp.gov.br/cidade/secretarias/upload/transportes/SPTrans/acesso_a_informacao/2014/outubro/passageiros/Passag-20141006.xls
288,http://www.prefeitura.sp.gov.br/cidade/secretarias/upload/transportes/SPTrans/acesso_a_informacao/2014/outubro/passageiros/Passag-20141007.xls
289,http://www.prefeitura.sp.gov.br/cidade/secretarias/upload/transportes/SPTrans/acesso_a_informacao/2014/outubro/passageiros/Passag-20141008.xls
290,http://www.prefeitura.sp.gov.br/cidade/secretarias/upload/transportes/SPTrans/acesso_a_informacao/2014/outubro/passageiros/Passag-20141009.xls
291,http://www.prefeitura.sp.gov.br/cidade/secretarias/upload/transportes/SPTrans/acesso_a_informacao/2014/outubro/passageiros/Passag-20141010.xls
292,http://www.prefeitura.sp.gov.br/cidade/secretarias/upload/transportes/SPTrans/acesso_a_informacao/2014/outubro/passageiros/Passag-20141011.xls
293,http://www.prefeitura.sp.gov.br/cidade/secretarias/upload/transportes/SPTrans/acesso_a_informacao/2014/outubro/passageiros/Passag-20141012.xls
294,http://www.prefeitura.sp.gov.br/cidade/secretarias/upload/transportes/SPTrans/acesso_a_informacao/2014/outubro/passageiros/Passag-20141013.xls
295,http://www.prefeitura.sp.gov.br/cidade/secretarias/upload/transportes/SPTrans/acesso_a_informacao/2014/outubro/passageiros/Passag-20141014.xls
296,http://www.prefeitura.sp.gov.br/cidade/secretarias/upload/transportes/SPTrans/acesso_a_informacao/2014/outubro/passageiros/Passag-20141015.xls
297,http://www.prefeitura.sp.gov.br/cidade/secretarias/upload/transportes/SPTrans/acesso_a_informacao/2014/outubro/passageiros/Passag-20141016.xls
298,http://www.prefeitura.sp.gov.br/cidade/secretarias/upload/transportes/SPTrans/acesso_a_informacao/2014/outubro/passageiros/Passag-20141017.xls
299,http://www.prefeitura.sp.gov.br/cidade/secretarias/upload/transportes/SPTrans/acesso_a_informacao/2014/outubro/passageiros/Passag-20141018.xls
300,http://www.prefeitura.sp.gov.br/cidade/secretarias/upload/transportes/SPTrans/acesso_a_informacao/2014/outubro/passageiros/Passag-20141019.xls
301,http://www.prefeitura.sp.gov.br/cidade/secretarias/upload/transportes/SPTrans/acesso_a_informacao/2014/outubro/passageiros/Passag-20141020.xls
302,http://www.prefeitura.sp.gov.br/cidade/secretarias/upload/transportes/SPTrans/acesso_a_informacao/2014/outubro/passageiros/Passag-20141021.xls
303,http://www.prefeitura.sp.gov.br/cidade/secretarias/upload/transportes/SPTrans/acesso_a_informacao/2014/outubro/passageiros/Passag-20141022.xls
304,http://www.prefeitura.sp.gov.br/cidade/secretarias/upload/transportes/SPTrans/acesso_a_informacao/2014/outubro/passageiros/Passag-20141023.xls
305,http://www.prefeitura.sp.gov.br/cidade/secretarias/upload/transportes/SPTrans/acesso_a_informacao/2014/outubro/passageiros/Passag-20141024.xls
306,http://www.prefeitura.sp.gov.br/cidade/secretarias/upload/transportes/SPTrans/acesso_a_informacao/2014/outubro/passageiros/Passag-20141025.xls
307,http://www.prefeitura.sp.gov.br/cidade/secretarias/upload/transportes/SPTrans/acesso_a_informacao/2014/outubro/passageiros/Passag-20141026.xls
308,http://www.prefeitura.sp.gov.br/cidade/secretarias/upload/transportes/SPTrans/acesso_a_informacao/2014/outubro/passageiros/Passag-20141027.xls
309,http://www.prefeitura.sp.gov.br/cidade/secretarias/upload/transportes/SPTrans/acesso_a_informacao/2014/outubro/passageiros/Passag-20141028.xls
310,http://www.prefeitura.sp.gov.br/cidade/secretarias/upload/transportes/SPTrans/acesso_a_informacao/2014/outubro/passageiros/Passag-20141029.xls
311,http://www.prefeitura.sp.gov.br/cidade/secretarias/upload/transportes/SPTrans/acesso_a_informacao/2014/outubro/passageiros/Passag-20141030.xls
312,http://www.prefeitura.sp.gov.br/cidade/secretarias/upload/transportes/SPTrans/acesso_a_informacao/2014/outubro/passageiros/Passag-20141031.xls
313,http://www.prefeitura.sp.gov.br/cidade/secretarias/upload/transportes/SPTrans/acesso_a_informacao/2014/outubro/passageiros/Pass_Transp_Out14.xls
314,http://www.prefeitura.sp.gov.br/cidade/secretarias/upload/transportes/SPTrans/acesso_a_informacao/2014/novembro/passageiros/Passag-20141101.xls
315,http://www.prefeitura.sp.gov.br/cidade/secretarias/upload/transportes/SPTrans/acesso_a_informacao/2014/novembro/passageiros/Passag-20141102.xls
316,http://www.prefeitura.sp.gov.br/cidade/secretarias/upload/transportes/SPTrans/acesso_a_informacao/2014/novembro/passageiros/Passag-20141103.xls
317,http://www.prefeitura.sp.gov.br/cidade/secretarias/upload/transportes/SPTrans/acesso_a_informacao/2014/novembro/passageiros/Passag-20141104.xls
318,http://www.prefeitura.sp.gov.br/cidade/secretarias/upload/transportes/SPTrans/acesso_a_informacao/2014/novembro/passageiros/Passag-20141105.xls
319,http://www.prefeitura.sp.gov.br/cidade/secretarias/upload/transportes/SPTrans/acesso_a_informacao/2014/novembro/passageiros/Passag-20141106.xls
320,http://www.prefeitura.sp.gov.br/cidade/secretarias/upload/transportes/SPTrans/acesso_a_informacao/2014/novembro/passageiros/Passag-20141107.xls
321,http://www.prefeitura.sp.gov.br/cidade/secretarias/upload/transportes/SPTrans/acesso_a_informacao/2014/novembro/passageiros/Passag-20141108.xls
322,http://www.prefeitura.sp.gov.br/cidade/secretarias/upload/transportes/SPTrans/acesso_a_informacao/2014/novembro/passageiros/Passag-20141109.xls
323,http://www.prefeitura.sp.gov.br/cidade/secretarias/upload/transportes/SPTrans/acesso_a_informacao/2014/novembro/passageiros/Passag-20141110.xls
324,http://www.prefeitura.sp.gov.br/cidade/secretarias/upload/transportes/SPTrans/acesso_a_informacao/2014/novembro/passageiros/Passag-20141111.xls
325,http://www.prefeitura.sp.gov.br/cidade/secretarias/upload/transportes/SPTrans/acesso_a_informacao/2014/novembro/passageiros/Passag-20141112.xls
326,http://www.prefeitura.sp.gov.br/cidade/secretarias/upload/transportes/SPTrans/acesso_a_informacao/2014/novembro/passageiros/Passag-20141113.xls
327,http://www.prefeitura.sp.gov.br/cidade/secretarias/upload/transportes/SPTrans/acesso_a_informacao/2014/novembro/passageiros/Passag-20141114.xls
328,http://www.prefeitura.sp.gov.br/cidade/secretarias/upload/transportes/SPTrans/acesso_a_informacao/2014/novembro/passageiros/Passag-20141115.xls
329,http://www.prefeitura.sp.gov.br/cidade/secretarias/upload/transportes/SPTrans/acesso_a_informacao/2014/novembro/passageiros/Passag-20141116.xls
330,http://www.prefeitura.sp.gov.br/cidade/secretarias/upload/transportes/SPTrans/acesso_a_informacao/2014/novembro/passageiros/Passag-20141117.xls
331,http://www.prefeitura.sp.gov.br/cidade/secretarias/upload/transportes/SPTrans/acesso_a_informacao/2014/novembro/passageiros/Passag-20141118.xls
332,http://www.prefeitura.sp.gov.br/cidade/secretarias/upload/transportes/SPTrans/acesso_a_informacao/2014/novembro/passageiros/Passag-20141119.xls
333,http://www.prefeitura.sp.gov.br/cidade/secretarias/upload/transportes/SPTrans/acesso_a_informacao/2014/novembro/passageiros/Passag-20141120.xls
334,http://www.prefeitura.sp.gov.br/cidade/secretarias/upload/transportes/SPTrans/acesso_a_informacao/2014/novembro/passageiros/Passag-20141121.xls
335,http://www.prefeitura.sp.gov.br/cidade/secretarias/upload/transportes/SPTrans/acesso_a_informacao/2014/novembro/passageiros/Passag-20141122.xls
336,http://www.prefeitura.sp.gov.br/cidade/secretarias/upload/transportes/SPTrans/acesso_a_informacao/2014/novembro/passageiros/Passag-20141123.xls
337,http://www.prefeitura.sp.gov.br/cidade/secretarias/upload/transportes/SPTrans/acesso_a_informacao/2014/novembro/passageiros/Passag-20141124.xls
338,http://www.prefeitura.sp.gov.br/cidade/secretarias/upload/transportes/SPTrans/acesso_a_informacao/2014/novembro/passageiros/Passag-20141125.xls
339,http://www.prefeitura.sp.gov.br/cidade/secretarias/upload/transportes/SPTrans/acesso_a_informacao/2014/novembro/passageiros/Passag-20141126.xls
340,http://www.prefeitura.sp.gov.br/cidade/secretarias/upload/transportes/SPTrans/acesso_a_informacao/2014/novembro/passageiros/Passag-20141127.xls
341,http://www.prefeitura.sp.gov.br/cidade/secretarias/upload/transportes/SPTrans/acesso_a_informacao/2014/novembro/passageiros/Passag-20141128.xls
342,http://www.prefeitura.sp.gov.br/cidade/secretarias/upload/transportes/SPTrans/acesso_a_informacao/2014/novembro/passageiros/Passag-20141129.xls
343,http://www.prefeitura.sp.gov.br/cidade/secretarias/upload/transportes/SPTrans/acesso_a_informacao/2014/novembro/passageiros/Passag-20141130.xls
344,http://www.prefeitura.sp.gov.br/cidade/secretarias/upload/transportes/SPTrans/acesso_a_informacao/2014/novembro/passageiros/Pass_Transp_Nov14.xls
345,http://www.prefeitura.sp.gov.br/cidade/secretarias/upload/transportes/SPTrans/acesso_a_informacao/2014/dezembro/passageiros/Passag-20141201.xls
346,http://www.prefeitura.sp.gov.br/cidade/secretarias/upload/transportes/SPTrans/acesso_a_informacao/2014/dezembro/passageiros/Passag-20141202.xls
347,http://www.prefeitura.sp.gov.br/cidade/secretarias/upload/transportes/SPTrans/acesso_a_informacao/2014/dezembro/passageiros/Passag-20141203.xls
348,http://www.prefeitura.sp.gov.br/cidade/secretarias/upload/transportes/SPTrans/acesso_a_informacao/2014/dezembro/passageiros/Passag-20141204.xls
349,http://www.prefeitura.sp.gov.br/cidade/secretarias/upload/transportes/SPTrans/acesso_a_informacao/2014/dezembro/passageiros/Passag-20141205.xls
350,http://www.prefeitura.sp.gov.br/cidade/secretarias/upload/transportes/SPTrans/acesso_a_informacao/2014/dezembro/passageiros/Passag-20141206.xls
351,http://www.prefeitura.sp.gov.br/cidade/secretarias/upload/transportes/SPTrans/acesso_a_informacao/2014/dezembro/passageiros/Passag-20141207.xls
352,http://www.prefeitura.sp.gov.br/cidade/secretarias/upload/transportes/SPTrans/acesso_a_informacao/2014/dezembro/passageiros/Passag-20141208.xls
353,http://www.prefeitura.sp.gov.br/cidade/secretarias/upload/transportes/SPTrans/acesso_a_informacao/2014/dezembro/passageiros/Passag-20141209.xls
354,http://www.prefeitura.sp.gov.br/cidade/secretarias/upload/transportes/SPTrans/acesso_a_informacao/2014/dezembro/passageiros/Passag-20141210.xls
355,http://www.prefeitura.sp.gov.br/cidade/secretarias/upload/transportes/SPTrans/acesso_a_informacao/2014/dezembro/passageiros/Passag-20141211.xls
356,http://www.prefeitura.sp.gov.br/cidade/secretarias/upload/transportes/SPTrans/acesso_a_informacao/2014/dezembro/passageiros/Passag-20141212.xls
357,http://www.prefeitura.sp.gov.br/cidade/secretarias/upload/transportes/SPTrans/acesso_a_informacao/2014/dezembro/passageiros/Passag-20141213.xls
358,http://www.prefeitura.sp.gov.br/cidade/secretarias/upload/transportes/SPTrans/acesso_a_informacao/2014/dezembro/passageiros/Passag-20141214.xls
359,http://www.prefeitura.sp.gov.br/cidade/secretarias/upload/transportes/SPTrans/acesso_a_informacao/2014/dezembro/passageiros/Passag-20141215.xls
360,http://www.prefeitura.sp.gov.br/cidade/secretarias/upload/transportes/SPTrans/acesso_a_informacao/2014/dezembro/passageiros/Passag-20141216.xls
361,http://www.prefeitura.sp.gov.br/cidade/secretarias/upload/transportes/SPTrans/acesso_a_informacao/2014/dezembro/passageiros/Passag-20141217.xls
362,http://www.prefeitura.sp.gov.br/cidade/secretarias/upload/transportes/SPTrans/acesso_a_informacao/2014/dezembro/passageiros/Passag-20141218.xls
363,http://www.prefeitura.sp.gov.br/cidade/secretarias/upload/transportes/SPTrans/acesso_a_informacao/2014/dezembro/passageiros/Passag-20141219.xls
364,http://www.prefeitura.sp.gov.br/cidade/secretarias/upload/transportes/SPTrans/acesso_a_informacao/2014/dezembro/passageiros/Passag-20141220.xls
365,http://www.prefeitura.sp.gov.br/cidade/secretarias/upload/transportes/SPTrans/acesso_a_informacao/2014/dezembro/passageiros/Passag-20141221.xls
366,http://www.prefeitura.sp.gov.br/cidade/secretarias/upload/transportes/SPTrans/acesso_a_informacao/2014/dezembro/passageiros/Passag-20141222.xls
367,http://www.prefeitura.sp.gov.br/cidade/secretarias/upload/transportes/SPTrans/acesso_a_informacao/2014/dezembro/passageiros/Passag-20141223.xls
368,http://www.prefeitura.sp.gov.br/cidade/secretarias/upload/transportes/SPTrans/acesso_a_informacao/2014/dezembro/passageiros/Passag-20141224.xls
369,http://www.prefeitura.sp.gov.br/cidade/secretarias/upload/transportes/SPTrans/acesso_a_informacao/2014/dezembro/passageiros/Passag-20141225.xls
370,http://www.prefeitura.sp.gov.br/cidade/secretarias/upload/transportes/SPTrans/acesso_a_informacao/2014/dezembro/passageiros/Passag-20141226.xls
371,http://www.prefeitura.sp.gov.br/cidade/secretarias/upload/transportes/SPTrans/acesso_a_informacao/2014/dezembro/passageiros/Passag-20141227.xls
372,http://www.prefeitura.sp.gov.br/cidade/secretarias/upload/transportes/SPTrans/acesso_a_informacao/2014/dezembro/passageiros/Passag-20141228.xls
373,http://www.prefeitura.sp.gov.br/cidade/secretarias/upload/transportes/SPTrans/acesso_a_informacao/2014/dezembro/passageiros/Passag-20141229.xls
374,http://www.prefeitura.sp.gov.br/cidade/secretarias/upload/transportes/SPTrans/acesso_a_informacao/2014/dezembro/passageiros/Passag-20141230.xls
375,http://www.prefeitura.sp.gov.br/cidade/secretarias/upload/transportes/SPTrans/acesso_a_informacao/2014/dezembro/passageiros/Passag-20141231.xls
376,http://www.prefeitura.sp.gov.br/cidade/secretarias/upload/transportes/SPTrans/acesso_a_informacao/2014/dezembro/passageiros/Pass_Transp_Dez14.xlsx
